{
  "plugin_name": "SleepCycle",
  "plugin_scope": "sleepcycle",
  "plugin_exec": "sleepcycle.js",
  "command_map": {
    "sleep": {
      "hargs": {
        "en_US": "[Time to wake up(HH:mm)]",
        "vi_VN": "[Thời gian muốn thức dậy(HH:mm)]"
      },
      "hdesc": {
        "en_US": "Calculate the sleep cycle.",
        "vi_VN": "Tính chu kì giấc ngủ."
      },
      "fscope": "sleep",
      "compatibly": 3
    },
    "remind_sleep": {
      "hargs": {
        "en_US": "<Time to go to bed(HH:mm) | off/unset/huỷ>",
        "vi_VN": "<Thời gian muốn đi ngủ(HH:mm) | off/unset/huỷ>"
      },
      "hdesc": {
        "en_US": "Set time to go to bed. I will remind you to go to bed <3",
        "vi_VN": "Đặt thời gian bạn muốn đi ngủ. Tôi sẽ nhắc bạn đi ngủ <3."
      },
      "fscope": "remind_sleep",
      "compatibly": 3
    }
  },
  "node_depends": {
    "date-and-time": ""
  },
  "author": "PTKDrake",
  "version": "2.0",
  "complied_for": "0.5.0"
}
